{
    "directory": [],
    "sql_file": "",
    "files": [
      {
          "root_directory"    : "update/update_3.4/controllers/Api.php",
          "update_directory"  : "application/controllers/Api.php"
      },
      {
          "root_directory"    : "update/update_3.4/controllers/Home.php",
          "update_directory"  : "application/controllers/Home.php"
      },
      {
          "root_directory"    : "update/update_3.4/views/frontend/default/instructor_page.php",
          "update_directory"  : "application/views/frontend/default/instructor_page.php"
      },
      {
          "root_directory"    : "update/update_3.4/views/frontend/default/login.php",
          "update_directory"  : "application/views/frontend/default/login.php"
      },
      {
          "root_directory"    : "update/update_3.4/views/frontend/default/paypal_checkout.php",
          "update_directory"  : "application/views/frontend/default/paypal_checkout.php"
      },
      {
          "root_directory"    : "update/update_3.4/views/frontend/default/stripe_checkout.php",
          "update_directory"  : "application/views/frontend/default/stripe_checkout.php"
      },
      {
          "root_directory"    : "update/update_3.4/views/mobile/shopping_cart.php",
          "update_directory"  : "application/views/mobile/shopping_cart.php"
      },
      {
          "root_directory"    : "update/update_3.4/views/mobile/payment_gateway.php",
          "update_directory"  : "application/views/mobile/payment_gateway.php"
      },
      {
          "root_directory"    : "update/update_3.4/views/payment/payment_gateway.php",
          "update_directory"  : "application/views/payment/payment_gateway.php"
      },
      {
          "root_directory"    : "update/update_3.4/assets/payment/css/stripe.css",
          "update_directory"  : "assets/payment/css/stripe.css"
      }
    ]
  }
